ROI_type,dice_coef,task,,,
Vessel,0.672506659,train,,,
Vessel,0.492793015,train,,,
Vessel,0.50876207,train,,,
Vessel,0.522001004,train,,,
Vessel,0.590554869,train,,,
Vessel,0.482478862,train,,,
Vessel,0.620362028,train,,,
Vessel,0.728859793,train,,,
Vessel,0.318576573,train,,,
Vessel,0.711070639,train,,,
Vessel,0.656994565,train,,,
Vessel,0.630330959,train,,,
Vessel,0.515471994,train,,,
Vessel,0.643685365,train,,,
Vessel,0.468985456,train,,,
Vessel,0.652660045,train,,,
Vessel,0.71562719,train,,,
Vessel,0.542653865,train,,,
Vessel,0.5855127,train,,,
Vessel,0.66897797,train,,,
Vessel,0.633556794,train,,,
Vessel,0.588136353,train,,,
Vessel,0.646473442,train,,,
Vessel,0.65768988,train,,,
Vessel,0.489426278,train,,,
Vessel,0.692544912,train,,,
Vessel,0.701310753,train,,,
Vessel,0.655163728,train,,,
Vessel,0.574668275,train,,,
Vessel,0.020955406,train,,,
Vessel,0.720397316,train,,,
Vessel,0.753541076,train,,,
Vessel,0.372610694,train,,,
Vessel,0.496657519,train,,,
Vessel,0.468262026,train,,,
Vessel,0.231010297,train,,,
Vessel,0.393362913,train,,,
Vessel,0.644085371,train,,,
Vessel,0.701167968,train,,,
Vessel,0.712227009,train,,,
Vessel,0.463219027,train,,,
Vessel,0.662453743,train,,,
Vessel,0.601402646,train,,,
Vessel,0.316020262,train,,,
Vessel,0.638032925,train,,,
Vessel,0.704506232,train,,,
Vessel,0.02365669,train,,,
Vessel,0.686237809,train,,,
Vessel,0.66624907,train,,,
Vessel,0.71141919,train,,,
Vessel,0.718223957,train,,,
Vessel,0.609639555,train,,,
Vessel,0.623552864,train,,,
Vessel,0.690407405,train,,,
Vessel,0.410211268,train,,,
Vessel,0.697542915,train,,,
Vessel,0.601090689,train,,,
Vessel,0.731144999,train,,,
Vessel,0.713172846,train,,,
Vessel,0.643046358,train,,,
Vessel,0.563666065,train,,,
Vessel,0.666176667,train,,,
Vessel,0.644581047,train,,,
Vessel,0.633432981,train,,,
Vessel,0.641983696,train,,,
Vessel,0.702789927,train,,,
Vessel,0.632317238,train,,,
Vessel,0.703986919,train,,,
Vessel,0.746369672,train,,,
Vessel,0.560302655,train,,,
Vessel,0.689099799,train,,,
Vessel,0.69473275,train,,,
Vessel,0.757604895,train,,,
Vessel,0.776601109,train,,,
Vessel,0.594036315,train,,,
Vessel,0.678165912,train,,,
Vessel,0.744070796,train,,,
Vessel,0.70075188,train,,,
Vessel,0.528537108,train,,,
Vessel,0.225322117,train,,,
Vessel,0.398963311,train,,,
Vessel,0.207737705,train,,,
Vessel,0.330821402,train,,,
Vessel,0.220839813,train,,,
Vessel,0.455482052,train,,,
Vessel,0.153482881,train,,,
Vessel,0.17501781,train,,,
Vessel,0.524554184,train,,,
Vessel,0.486332497,train,,,
Vessel,0.447111473,train,,,
Vessel,0.244543828,train,,,
Vessel,0.47331129,train,,,
Vessel,0.507295174,train,,,
Vessel,0.457182416,train,,,
Vessel,0.608880878,train,,,
Vessel,0.404151596,train,,,
Vessel,0.454956283,train,,,
Vessel,0.629320314,train,,,
Vessel,0.528010407,train,,,
Vessel,0.306466827,train,,,
Vessel,0.56636995,train,,,
Vessel,0.644675193,train,,,
Vessel,0.42727983,train,,,
Vessel,0.546346397,train,,,
Vessel,0.602182123,train,,,
Vessel,0.298679868,train,,,
Vessel,0.569189213,train,,,
Vessel,0.657844838,train,,,
Vessel,0.639345897,train,,,
Vessel,0.625449858,train,,,
Vessel,0.734270678,train,,,
Vessel,0.635266955,train,,,
Vessel,0.581687612,train,,,
Vessel,0.607900638,train,,,
Vessel,0.464738956,train,,,
Vessel,0.600545416,train,,,
Vessel,0.593630423,train,,,
Vessel,0.630810093,train,,,
Vessel,0.58751137,train,,,
Vessel,0.625737463,train,,,
Vessel,0.483289447,train,,,
Vessel,0.484931849,train,,,
Vessel,0.553439069,train,,,
Vessel,0.709365559,train,,,
Vessel,0.646881123,train,,,
Vessel,0.691421806,train,,,
Vessel,0.557121032,train,,,
Vessel,0.530051517,train,,,
Vessel,0.563774597,train,,,
Vessel,0.633548196,train,,,
Vessel,0.636100486,train,,,
Vessel,0.58920527,train,,,
Vessel,0.758383491,train,,,
Vessel,0.565504864,train,,,
Vessel,0.650531081,train,,,
Vessel,0.402677956,train,,,
Vessel,0.256867726,train,,,
Vessel,0.643454713,train,,,
Vessel,0.572466928,train,,,
Vessel,0.582951421,train,,,
Vessel,0.600882471,train,,,
Vessel,0.727912182,train,,,
Vessel,0.454195079,train,,,
Vessel,0.495067265,train,,,
Vessel,0.46834903,train,,,
Vessel,0.654432685,train,,,
Vessel,0.559672232,train,,,
Vessel,0.550382632,train,,,
Vessel,0.612753907,train,,,
Vessel,0.680746216,train,,,
Vessel,0.498943343,train,,,
Vessel,0.454141651,train,,,
Vessel,0.591616639,train,,,
Vessel,0.566463128,train,,,
Vessel,0.677315941,train,,,
Vessel,0.637752042,train,,,
Vessel,0.551952264,train,,,
Vessel,0.588235294,train,,,
Vessel,0.391299498,train,,,
Vessel,0.482961557,train,,,
Vessel,0.703156675,train,,,
Vessel,0.6723628,train,,,
Vessel,0.351794835,train,,,
Vessel,0.66041366,train,,,
Vessel,0.512011401,train,,,
Vessel,0.611723022,train,,,
Vessel,0.453940325,train,,,
Vessel,0.567681499,train,,,
Vessel,0.446317172,train,,,
Vessel,0.42064621,train,,,
Vessel,0.498051398,train,,,
Vessel,0.335259175,train,,,
Vessel,0.055350667,train,,,
Vessel,0.592146056,train,,,
Vessel,0.398162022,train,,,
Vessel,0.69842788,train,,,
Vessel,0.621027854,train,,,
Vessel,0.506406523,train,,,
Vessel,0.394738008,train,,,
Vessel,0.586782944,train,,,
Vessel,0.664289188,train,,,
Vessel,0.658593642,train,,,
Vessel,0.727787483,train,,,
Vessel,0.54290718,train,,,
Vessel,0.529046563,train,,,
Vessel,0.622232367,train,,,
Vessel,0.712366069,train,,,
Vessel,0.547753616,train,,,
Vessel,0.568103929,train,,,
Vessel,0.39364108,train,,,
Vessel,0.630173565,train,,,
Vessel,0.433624685,train,,,
Vessel,0.533200448,train,,,
Vessel,0.616574331,train,,,
Vessel,0.340712505,train,,,
Vessel,0.653674673,train,,,
Vessel,0.615881653,train,,,
Vessel,0.693055917,train,,,
Vessel,0.32342385,train,,,
Vessel,0.414077607,train,,,
Vessel,0.565188457,train,,,
Vessel,0.508495735,train,,,
Vessel,0.606725279,train,,,
Vessel,0.530076291,train,,,
Vessel,0.616650397,train,,,
Vessel,0.401599869,train,,,
Vessel,0.247500862,train,,,
Vessel,0.036691789,train,,,
Vessel,0.530419667,train,,,
Vessel,0.622598174,train,,,
Vessel,0.587021165,train,,,
Vessel,0.408010013,train,,,
Vessel,0.727980998,train,,,
Vessel,0.282339383,train,,,
Vessel,0.68200115,train,,,
Vessel,0.621118641,train,,,
Vessel,0.029940151,train,,,
Vessel,0.493123016,train,,,
Vessel,0.374132773,train,,,
Vessel,0.387419056,train,,,
Vessel,0.525258914,train,,,
Vessel,0.557239402,train,,,
Vessel,0.67924797,train,,,
Tumor,0,train,,,
Tumor,0.355305466,train,,,
Tumor,0.542588116,train,,,
Tumor,0.143451236,train,,,
Tumor,0.875372816,train,,,
Tumor,0.571810287,train,,,
Tumor,0.81128235,train,,,
Tumor,0.002244669,train,,,
Tumor,0.856455919,train,,,
Tumor,0.783833914,train,,,
Tumor,0.728284779,train,,,
Tumor,0.89119171,train,,,
Tumor,0.031347332,train,,,
Tumor,0.590096689,train,,,
Tumor,0.897196707,train,,,
Tumor,0.906541043,train,,,
Tumor,0.390768795,train,,,
Tumor,0.899804815,train,,,
Tumor,0.817495594,train,,,
Tumor,0.389965792,train,,,
Tumor,0.766381861,train,,,
Tumor,0.888867447,train,,,
Tumor,0.766406962,train,,,
Tumor,0.888003294,train,,,
Tumor,0,train,,,
Tumor,0.848682709,train,,,
Tumor,0.304225662,train,,,
Tumor,0,train,,,
Tumor,0.817700645,train,,,
Tumor,0.672638535,train,,,
Tumor,0.798852547,train,,,
Tumor,0.534016775,train,,,
Tumor,0,train,,,
Tumor,0,train,,,
Tumor,0.680697834,train,,,
Tumor,0.644667938,train,,,
Tumor,0.525108225,train,,,
Tumor,0.745405199,train,,,
Tumor,0,train,,,
Tumor,0,train,,,
Tumor,0.824571213,train,,,
Tumor,0.843084693,train,,,
Tumor,0.591695182,train,,,
Tumor,0.927273809,train,,,
Tumor,0.913423157,train,,,
Tumor,0.267254964,train,,,
Tumor,0,train,,,
Tumor,0.533735098,train,,,
Tumor,0.000681199,train,,,
Tumor,0.285502959,train,,,
Tumor,0.697912061,train,,,
Tumor,0.914918449,train,,,
Tumor,0.696681795,train,,,
Tumor,0.74366872,train,,,
Tumor,0.884110169,train,,,
Tumor,0.281457964,train,,,
Tumor,0.375923025,train,,,
Tumor,0.801306272,train,,,
Tumor,0.878461978,train,,,
Tumor,0.907522508,train,,,
Tumor,0.859548473,train,,,
Tumor,0.216806248,train,,,
Tumor,0.661271949,train,,,
Tumor,0.893441645,train,,,
Tumor,0.882679059,train,,,
Tumor,0.374575449,train,,,
Tumor,0,train,,,
Tumor,0.762553566,train,,,
Tumor,0.35097493,train,,,
Tumor,0,train,,,
Tumor,0.265876376,train,,,
Tumor,0.461609381,train,,,
Tumor,0,train,,,
Tumor,0.902552476,train,,,
Tumor,0,train,,,
Tumor,0.904731817,train,,,
Tumor,0.822125182,train,,,
Tumor,0.521495555,train,,,
Tumor,0.635330451,train,,,
Tumor,0.90419673,train,,,
Tumor,0.908550216,train,,,
Tumor,0.639242646,train,,,
Tumor,0.522682446,train,,,
Tumor,0.595755062,train,,,
Tumor,0.859270502,train,,,
Tumor,0.850122102,train,,,
Tumor,0.783676869,train,,,
Tumor,0.807579353,train,,,
Tumor,0.903885616,train,,,
Tumor,0.932528994,train,,,
Tumor,0.270133333,train,,,
Tumor,0.781809478,train,,,
Tumor,0,train,,,
Tumor,0.498573434,train,,,
Tumor,0.40654649,train,,,
Tumor,0.879289775,train,,,
Tumor,0.346023021,train,,,
Tumor,0.502861929,train,,,
Tumor,0.803865583,train,,,
Tumor,0.879654104,train,,,
Tumor,0.706960007,train,,,
Tumor,0.892783881,train,,,
Tumor,0.792105141,train,,,
Tumor,0.524628163,train,,,
Tumor,0.939362664,train,,,
Tumor,0,train,,,
Tumor,0.839097744,train,,,
Tumor,0.710710259,train,,,
Tumor,0.541000516,train,,,
Tumor,0.034009476,train,,,
Tumor,0.657238334,train,,,
Tumor,0.846631629,train,,,
Tumor,0.696575474,train,,,
Tumor,0.56454462,train,,,
Tumor,0.609330941,train,,,
Tumor,0.832855949,train,,,
Tumor,0.581919691,train,,,
Tumor,0.903713593,train,,,
Tumor,0.165098375,train,,,
Tumor,0.716365577,train,,,
Tumor,0.732525825,train,,,
Tumor,0.766341671,train,,,
Tumor,0.777002748,train,,,
Tumor,0.836837353,train,,,
Tumor,0.856922922,train,,,
Tumor,0.804422543,train,,,
Tumor,0.618826509,train,,,
Tumor,0.868676173,train,,,
Tumor,0.779807002,train,,,
Tumor,0.456123142,train,,,
Tumor,0.46458885,train,,,
Tumor,0.771434573,train,,,
Tumor,0.766328682,train,,,
Tumor,0.150466045,train,,,
Tumor,0,train,,,
Tumor,0.730102174,train,,,
Tumor,0.890333596,train,,,
Tumor,0.630517491,train,,,
Tumor,0.734788842,train,,,
Tumor,0.754994742,train,,,
Tumor,0.938993764,train,,,
Tumor,0.000872015,train,,,
Tumor,0.830915546,train,,,
Tumor,0.934374033,train,,,
Tumor,0.918266505,train,,,
Tumor,0.81055282,train,,,
Tumor,0,train,,,
Tumor,0.210820896,train,,,
Tumor,0.275374239,train,,,
Tumor,0.372582725,train,,,
Tumor,0.595231337,train,,,
Tumor,0.853982867,train,,,
Tumor,0.852546917,train,,,
Tumor,0.721563735,train,,,
Tumor,0.834920749,train,,,
Tumor,0.823989469,train,,,
Tumor,0.7145487,train,,,
Tumor,0.321215855,train,,,
Tumor,0.452218232,train,,,
Tumor,0.665333149,train,,,
Tumor,0.674819236,train,,,
Tumor,0.025247971,train,,,
Tumor,0.249933244,train,,,
Tumor,0.744454356,train,,,
Tumor,0.889258827,train,,,
Tumor,0.169366986,train,,,
Tumor,0,train,,,
Tumor,0.740502438,train,,,
Tumor,0.554937585,train,,,
Tumor,0.13081761,train,,,
Tumor,0.356290174,train,,,
Tumor,0.64661536,train,,,
Tumor,0.826037254,train,,,
Tumor,0.740074442,train,,,
Tumor,0.397913769,train,,,
Tumor,0.779114628,train,,,
Tumor,0.718691782,train,,,
Tumor,0.749845584,train,,,
Tumor,0,train,,,
Tumor,0.044917805,train,,,
Tumor,0.695134062,train,,,
Tumor,0.670103093,train,,,
Tumor,0.341428908,train,,,
Tumor,0,train,,,
Tumor,0,train,,,
Tumor,0.83593214,train,,,
Tumor,0,train,,,
Tumor,0,train,,,
Tumor,0.719101124,train,,,
Tumor,0.666449086,train,,,
Tumor,0.622425629,train,,,
Tumor,0.461694229,train,,,
Tumor,0,train,,,
Tumor,0.535324108,train,,,
Tumor,0.578087458,train,,,
Tumor,0.404454343,train,,,
Tumor,0,train,,,
Tumor,0,train,,,
Tumor,0.70405522,train,,,
Tumor,0.354566385,train,,,
Tumor,0.677428033,train,,,
Tumor,0.828967518,train,,,
Tumor,0.917042296,train,,,
Tumor,0.610788382,train,,,
Tumor,0.110033189,train,,,
Tumor,0.657273104,train,,,
Tumor,0.052941176,train,,,
Tumor,0.823658269,train,,,
Tumor,0.87554408,train,,,
Tumor,0.691743333,train,,,
Tumor,0.086980219,train,,,
Tumor,0.529006063,train,,,
Tumor,0.107698142,train,,,
Tumor,0.45908347,train,,,
Tumor,0.482137442,train,,,
Tumor,0.036217304,train,,,
Tumor,0.299211528,train,,,
Tumor,0.601609136,train,,,
Tumor,0.511682243,train,,,
Tumor,0.390763766,train,,,
Tumor,0.397201463,train,,,
Tumor,0.465611125,train,,,
Tumor,0.628056628,train,,,
Vessel+Tumor,0.618306487,train,,,
Vessel+Tumor,0.456562595,train,,,
Vessel+Tumor,0.529011249,train,,,
Vessel+Tumor,0.315729389,train,,,
Vessel+Tumor,0.852689387,train,,,
Vessel+Tumor,0.488569086,train,,,
Vessel+Tumor,0.721509725,train,,,
Vessel+Tumor,0.685252431,train,,,
Vessel+Tumor,0.75440434,train,,,
Vessel+Tumor,0.756618084,train,,,
Vessel+Tumor,0.710911386,train,,,
Vessel+Tumor,0.739578466,train,,,
Vessel+Tumor,0.303371776,train,,,
Vessel+Tumor,0.634242049,train,,,
Vessel+Tumor,0.889326199,train,,,
Vessel+Tumor,0.899225421,train,,,
Vessel+Tumor,0.635028804,train,,,
Vessel+Tumor,0.818805862,train,,,
Vessel+Tumor,0.803973113,train,,,
Vessel+Tumor,0.592139007,train,,,
Vessel+Tumor,0.713290806,train,,,
Vessel+Tumor,0.872187286,train,,,
Vessel+Tumor,0.763419203,train,,,
Vessel+Tumor,0.844766884,train,,,
Vessel+Tumor,0.421211486,train,,,
Vessel+Tumor,0.808092814,train,,,
Vessel+Tumor,0.510835476,train,,,
Vessel+Tumor,0.597518952,train,,,
Vessel+Tumor,0.780868677,train,,,
Vessel+Tumor,0.195789398,train,,,
Vessel+Tumor,0.78705131,train,,,
Vessel+Tumor,0.662003303,train,,,
Vessel+Tumor,0.363486163,train,,,
Vessel+Tumor,0.345184606,train,,,
Vessel+Tumor,0.66102147,train,,,
Vessel+Tumor,0.629744423,train,,,
Vessel+Tumor,0.453996635,train,,,
Vessel+Tumor,0.737878788,train,,,
Vessel+Tumor,0.573568189,train,,,
Vessel+Tumor,0.552716859,train,,,
Vessel+Tumor,0.814983158,train,,,
Vessel+Tumor,0.826487602,train,,,
Vessel+Tumor,0.597792566,train,,,
Vessel+Tumor,0.908687429,train,,,
Vessel+Tumor,0.881936317,train,,,
Vessel+Tumor,0.568616478,train,,,
Vessel+Tumor,0.084936762,train,,,
Vessel+Tumor,0.574048128,train,,,
Vessel+Tumor,0.42333988,train,,,
Vessel+Tumor,0.673175267,train,,,
Vessel+Tumor,0.705561681,train,,,
Vessel+Tumor,0.908458743,train,,,
Vessel+Tumor,0.672393968,train,,,
Vessel+Tumor,0.71227617,train,,,
Vessel+Tumor,0.874993964,train,,,
Vessel+Tumor,0.479349427,train,,,
Vessel+Tumor,0.516497835,train,,,
Vessel+Tumor,0.79164036,train,,,
Vessel+Tumor,0.862329544,train,,,
Vessel+Tumor,0.899007209,train,,,
Vessel+Tumor,0.821594138,train,,,
Vessel+Tumor,0.480522018,train,,,
Vessel+Tumor,0.66749165,train,,,
Vessel+Tumor,0.887476472,train,,,
Vessel+Tumor,0.869956453,train,,,
Vessel+Tumor,0.635207857,train,,,
Vessel+Tumor,0.547279944,train,,,
Vessel+Tumor,0.722419215,train,,,
Vessel+Tumor,0.627361739,train,,,
Vessel+Tumor,0.476243278,train,,,
Vessel+Tumor,0.627658267,train,,,
Vessel+Tumor,0.564086441,train,,,
Vessel+Tumor,0.744204019,train,,,
Vessel+Tumor,0.841977359,train,,,
Vessel+Tumor,0.470262429,train,,,
Vessel+Tumor,0.894231907,train,,,
Vessel+Tumor,0.773582829,train,,,
Vessel+Tumor,0.611674282,train,,,
Vessel+Tumor,0.584723497,train,,,
Vessel+Tumor,0.879274327,train,,,
Vessel+Tumor,0.808249668,train,,,
Vessel+Tumor,0.56975207,train,,,
Vessel+Tumor,0.433286517,train,,,
Vessel+Tumor,0.451266677,train,,,
Vessel+Tumor,0.787708954,train,,,
Vessel+Tumor,0.821941036,train,,,
Vessel+Tumor,0.505214111,train,,,
Vessel+Tumor,0.797543466,train,,,
Vessel+Tumor,0.858546154,train,,,
Vessel+Tumor,0.925604554,train,,,
Vessel+Tumor,0.254817987,train,,,
Vessel+Tumor,0.61813626,train,,,
Vessel+Tumor,0.45757934,train,,,
Vessel+Tumor,0.488849455,train,,,
Vessel+Tumor,0.526892141,train,,,
Vessel+Tumor,0.73277368,train,,,
Vessel+Tumor,0.384856497,train,,,
Vessel+Tumor,0.568714037,train,,,
Vessel+Tumor,0.602539758,train,,,
Vessel+Tumor,0.864839844,train,,,
Vessel+Tumor,0.682856708,train,,,
Vessel+Tumor,0.869360318,train,,,
Vessel+Tumor,0.769508351,train,,,
Vessel+Tumor,0.530631071,train,,,
Vessel+Tumor,0.932756473,train,,,
Vessel+Tumor,0.246694834,train,,,
Vessel+Tumor,0.761648586,train,,,
Vessel+Tumor,0.665868182,train,,,
Vessel+Tumor,0.586899675,train,,,
Vessel+Tumor,0.118296886,train,,,
Vessel+Tumor,0.705210801,train,,,
Vessel+Tumor,0.748078093,train,,,
Vessel+Tumor,0.637306659,train,,,
Vessel+Tumor,0.594199405,train,,,
Vessel+Tumor,0.613844266,train,,,
Vessel+Tumor,0.738818852,train,,,
Vessel+Tumor,0.591572722,train,,,
Vessel+Tumor,0.85740008,train,,,
Vessel+Tumor,0.516499037,train,,,
Vessel+Tumor,0.704629593,train,,,
Vessel+Tumor,0.62357594,train,,,
Vessel+Tumor,0.75313164,train,,,
Vessel+Tumor,0.67210172,train,,,
Vessel+Tumor,0.794914476,train,,,
Vessel+Tumor,0.764101149,train,,,
Vessel+Tumor,0.773026316,train,,,
Vessel+Tumor,0.574818402,train,,,
Vessel+Tumor,0.783781592,train,,,
Vessel+Tumor,0.641393736,train,,,
Vessel+Tumor,0.540959428,train,,,
Vessel+Tumor,0.562087283,train,,,
Vessel+Tumor,0.711273545,train,,,
Vessel+Tumor,0.764330659,train,,,
Vessel+Tumor,0.538013759,train,,,
Vessel+Tumor,0.523136773,train,,,
Vessel+Tumor,0.617399631,train,,,
Vessel+Tumor,0.664035625,train,,,
Vessel+Tumor,0.635481575,train,,,
Vessel+Tumor,0.716993729,train,,,
Vessel+Tumor,0.72813144,train,,,
Vessel+Tumor,0.912924914,train,,,
Vessel+Tumor,0.234128114,train,,,
Vessel+Tumor,0.788186805,train,,,
Vessel+Tumor,0.915749526,train,,,
Vessel+Tumor,0.889492109,train,,,
Vessel+Tumor,0.724905679,train,,,
Vessel+Tumor,0.433480056,train,,,
Vessel+Tumor,0.46073843,train,,,
Vessel+Tumor,0.551837002,train,,,
Vessel+Tumor,0.614654378,train,,,
Vessel+Tumor,0.52808321,train,,,
Vessel+Tumor,0.627252346,train,,,
Vessel+Tumor,0.765805298,train,,,
Vessel+Tumor,0.622439024,train,,,
Vessel+Tumor,0.827839243,train,,,
Vessel+Tumor,0.739058125,train,,,
Vessel+Tumor,0.727967678,train,,,
Vessel+Tumor,0.503487387,train,,,
Vessel+Tumor,0.421184225,train,,,
Vessel+Tumor,0.616882953,train,,,
Vessel+Tumor,0.6926988,train,,,
Vessel+Tumor,0.618326933,train,,,
Vessel+Tumor,0.323103857,train,,,
Vessel+Tumor,0.697842588,train,,,
Vessel+Tumor,0.816720257,train,,,
Vessel+Tumor,0.33655042,train,,,
Vessel+Tumor,0.385469781,train,,,
Vessel+Tumor,0.704797767,train,,,
Vessel+Tumor,0.543998143,train,,,
Vessel+Tumor,0.406864636,train,,,
Vessel+Tumor,0.489837182,train,,,
Vessel+Tumor,0.495544099,train,,,
Vessel+Tumor,0.399448883,train,,,
Vessel+Tumor,0.660026311,train,,,
Vessel+Tumor,0.398174525,train,,,
Vessel+Tumor,0.76815009,train,,,
Vessel+Tumor,0.680828411,train,,,
Vessel+Tumor,0.723078033,train,,,
Vessel+Tumor,0.246787771,train,,,
Vessel+Tumor,0.408791877,train,,,
Vessel+Tumor,0.665880906,train,,,
Vessel+Tumor,0.659036782,train,,,
Vessel+Tumor,0.564247715,train,,,
Vessel+Tumor,0.53735973,train,,,
Vessel+Tumor,0.527876106,train,,,
Vessel+Tumor,0.799974118,train,,,
Vessel+Tumor,0.662738187,train,,,
Vessel+Tumor,0.540428146,train,,,
Vessel+Tumor,0.601073792,train,,,
Vessel+Tumor,0.439827605,train,,,
Vessel+Tumor,0.630026525,train,,,
Vessel+Tumor,0.45274923,train,,,
Vessel+Tumor,0.508132494,train,,,
Vessel+Tumor,0.597020158,train,,,
Vessel+Tumor,0.431849222,train,,,
Vessel+Tumor,0.619032877,train,,,
Vessel+Tumor,0.612306999,train,,,
Vessel+Tumor,0.68014293,train,,,
Vessel+Tumor,0.351123948,train,,,
Vessel+Tumor,0.409466611,train,,,
Vessel+Tumor,0.586782574,train,,,
Vessel+Tumor,0.712053628,train,,,
Vessel+Tumor,0.893408663,train,,,
Vessel+Tumor,0.536631394,train,,,
Vessel+Tumor,0.438311688,train,,,
Vessel+Tumor,0.473853721,train,,,
Vessel+Tumor,0.202060766,train,,,
Vessel+Tumor,0.206659908,train,,,
Vessel+Tumor,0.747234948,train,,,
Vessel+Tumor,0.645056358,train,,,
Vessel+Tumor,0.227183577,train,,,
Vessel+Tumor,0.489614465,train,,,
Vessel+Tumor,0.607126577,train,,,
Vessel+Tumor,0.31099951,train,,,
Vessel+Tumor,0.546550129,train,,,
Vessel+Tumor,0.580108159,train,,,
Vessel+Tumor,0.04938902,train,,,
Vessel+Tumor,0.510812675,train,,,
Vessel+Tumor,0.462419367,train,,,
Vessel+Tumor,0.387734584,train,,,
Vessel+Tumor,0.482733129,train,,,
Vessel+Tumor,0.507395291,train,,,
Vessel+Tumor,0.672448543,train,,,
mean,0.336253329,train,,,
mean,0.424049241,train,,,
mean,0.525675093,train,,,
mean,0.33272612,train,,,
mean,0.732963843,train,,,
mean,0.527144575,train,,,
mean,0.715822189,train,,,
mean,0.365552231,train,,,
mean,0.587516246,train,,,
mean,0.747452276,train,,,
mean,0.692639672,train,,,
mean,0.760761335,train,,,
mean,0.273409663,train,,,
mean,0.616891027,train,,,
mean,0.683091082,train,,,
mean,0.779600544,train,,,
mean,0.553197993,train,,,
mean,0.72122934,train,,,
mean,0.701504147,train,,,
mean,0.529471881,train,,,
mean,0.699969327,train,,,
mean,0.7385019,train,,,
mean,0.706440202,train,,,
mean,0.772846587,train,,,
mean,0.244713139,train,,,
mean,0.77061381,train,,,
mean,0.502768208,train,,,
mean,0.327581864,train,,,
mean,0.69618446,train,,,
mean,0.346796971,train,,,
mean,0.759624932,train,,,
mean,0.643778926,train,,,
mean,0.186305347,train,,,
mean,0.248328759,train,,,
mean,0.57447993,train,,,
mean,0.437839118,train,,,
mean,0.459235569,train,,,
mean,0.694745285,train,,,
mean,0.350583984,train,,,
mean,0.356113505,train,,,
mean,0.64389512,train,,,
mean,0.752769218,train,,,
mean,0.596548914,train,,,
mean,0.621647035,train,,,
mean,0.775728041,train,,,
mean,0.485880598,train,,,
mean,0.011828345,train,,,
mean,0.609986453,train,,,
mean,0.333465135,train,,,
mean,0.498461074,train,,,
mean,0.708068009,train,,,
mean,0.762279002,train,,,
mean,0.660117329,train,,,
mean,0.717038063,train,,,
mean,0.647160718,train,,,
mean,0.48950044,train,,,
mean,0.488506857,train,,,
mean,0.766225635,train,,,
mean,0.795817412,train,,,
mean,0.775284433,train,,,
mean,0.711607269,train,,,
mean,0.441491458,train,,,
mean,0.652926498,train,,,
mean,0.763437313,train,,,
mean,0.762331377,train,,,
mean,0.538682688,train,,,
mean,0.316158619,train,,,
mean,0.733270242,train,,,
mean,0.548672301,train,,,
mean,0.280151327,train,,,
mean,0.477488087,train,,,
mean,0.578171066,train,,,
mean,0.378802448,train,,,
mean,0.839576793,train,,,
mean,0.297018158,train,,,
mean,0.791448864,train,,,
mean,0.783097989,train,,,
mean,0.611123717,train,,,
mean,0.581933779,train,,,
mean,0.564759424,train,,,
mean,0.653756763,train,,,
mean,0.423490176,train,,,
mean,0.426751924,train,,,
mean,0.408297438,train,,,
mean,0.657376277,train,,,
mean,0.501802491,train,,,
mean,0.47934734,train,,,
mean,0.666066768,train,,,
mean,0.695109056,train,,,
mean,0.689820233,train,,,
mean,0.257338581,train,,,
mean,0.627560384,train,,,
mean,0.253647587,train,,,
mean,0.477877925,train,,,
mean,0.507713684,train,,,
mean,0.641720685,train,,,
mean,0.400489652,train,,,
mean,0.566091121,train,,,
mean,0.665937995,train,,,
mean,0.593060466,train,,,
mean,0.636664978,train,,,
mean,0.768729537,train,,,
mean,0.609692486,train,,,
mean,0.53548728,train,,,
mean,0.770772394,train,,,
mean,0.149339934,train,,,
mean,0.704143479,train,,,
mean,0.684277549,train,,,
mean,0.590173206,train,,,
mean,0.329729667,train,,,
mean,0.695754506,train,,,
mean,0.740949292,train,,,
mean,0.639131543,train,,,
mean,0.586222629,train,,,
mean,0.537034948,train,,,
mean,0.716700683,train,,,
mean,0.587775057,train,,,
mean,0.767261843,train,,,
mean,0.376304873,train,,,
mean,0.67105152,train,,,
mean,0.607907636,train,,,
mean,0.62563676,train,,,
mean,0.665220908,train,,,
mean,0.773101456,train,,,
mean,0.751902023,train,,,
mean,0.747922175,train,,,
mean,0.587973771,train,,,
mean,0.699363845,train,,,
mean,0.6717908,train,,,
mean,0.544835669,train,,,
mean,0.550344668,train,,,
mean,0.680319921,train,,,
mean,0.762356087,train,,,
mean,0.357985455,train,,,
mean,0.325265541,train,,,
mean,0.566390065,train,,,
mean,0.573600661,train,,,
mean,0.636986102,train,,,
mean,0.653627885,train,,,
mean,0.668973082,train,,,
mean,0.769938118,train,,,
mean,0.364392098,train,,,
mean,0.642555312,train,,,
mean,0.714720649,train,,,
mean,0.693307768,train,,,
mean,0.732492753,train,,,
mean,0.279836116,train,,,
mean,0.380601764,train,,,
mean,0.444064073,train,,,
mean,0.52666447,train,,,
mean,0.54708734,train,,,
mean,0.654062259,train,,,
mean,0.722081778,train,,,
mean,0.644013431,train,,,
mean,0.756118345,train,,,
mean,0.730870755,train,,,
mean,0.633250482,train,,,
mean,0.454725575,train,,,
mean,0.421758865,train,,,
mean,0.574147353,train,,,
mean,0.688987956,train,,,
mean,0.348805386,train,,,
mean,0.300864039,train,,,
mean,0.702434008,train,,,
mean,0.700635114,train,,,
mean,0.390545004,train,,,
mean,0.226970162,train,,,
mean,0.654091969,train,,,
mean,0.500627378,train,,,
mean,0.27573191,train,,,
mean,0.427170786,train,,,
mean,0.490937268,train,,,
mean,0.440693961,train,,,
mean,0.666110249,train,,,
mean,0.398037895,train,,,
mean,0.738771254,train,,,
mean,0.669859818,train,,,
mean,0.628126053,train,,,
mean,0.197369004,train,,,
mean,0.315850374,train,,,
mean,0.679711625,train,,,
mean,0.664348368,train,,,
mean,0.534608195,train,,,
mean,0.27145359,train,,,
mean,0.264523282,train,,,
mean,0.729082254,train,,,
mean,0.356183034,train,,,
mean,0.273876808,train,,,
mean,0.643602526,train,,,
mean,0.530045083,train,,,
mean,0.626299597,train,,,
mean,0.447659457,train,,,
mean,0.266600224,train,,,
mean,0.575949219,train,,,
mean,0.459399982,train,,,
mean,0.529064508,train,,,
mean,0.307940826,train,,,
mean,0.346527958,train,,,
mean,0.513739535,train,,,
mean,0.384321996,train,,,
mean,0.621308245,train,,,
mean,0.668731627,train,,,
mean,0.761883787,train,,,
mean,0.570432336,train,,,
mean,0.363341793,train,,,
mean,0.529436487,train,,,
mean,0.150221019,train,,,
mean,0.430175029,train,,,
mean,0.702981873,train,,,
mean,0.657170753,train,,,
mean,0.337000692,train,,,
mean,0.468508038,train,,,
mean,0.41783957,train,,,
mean,0.370711427,train,,,
mean,0.582069296,train,,,
mean,0.328667972,train,,,
mean,0.16457584,train,,,
mean,0.547366076,train,,,
mean,0.442907508,train,,,
mean,0.389091411,train,,,
mean,0.461230188,train,,,
mean,0.511425264,train,,,
mean,0.653652299,train,,,
Vessel,0.563028888,validation,,,
Vessel,0.429692289,validation,,,
Vessel,0.535200565,validation,,,
Vessel,0.622634287,validation,,,
Vessel,0.365192146,validation,,,
Vessel,0.712231775,validation,,,
Vessel,0.073943447,validation,,,
Vessel,0.397524365,validation,,,
Vessel,0.37972197,validation,,,
Vessel,0.355222191,validation,,,
Vessel,0.460160242,validation,,,
Vessel,0.545057651,validation,,,
Vessel,0.576617341,validation,,,
Vessel,0.074318801,validation,,,
Vessel,0.665804655,validation,,,
Vessel,0.366558768,validation,,,
Vessel,0.547530744,validation,,,
Vessel,0.518707755,validation,,,
Vessel,0.415822002,validation,,,
Vessel,0.669158127,validation,,,
Vessel,0.657264799,validation,,,
Vessel,0.651202644,validation,,,
Vessel,0.338821851,validation,,,
Vessel,0.550047604,validation,,,
Vessel,0.573781078,validation,,,
Vessel,0.332806146,validation,,,
Vessel,0.572728733,validation,,,
Vessel,0.418700584,validation,,,
Vessel,0.679241595,validation,,,
Vessel,0.616739106,validation,,,
Vessel,0.363485615,validation,,,
Vessel,0.728116301,validation,,,
Vessel,0.620202345,validation,,,
Vessel,0.54494382,validation,,,
Vessel,0.290123457,validation,,,
Vessel,0.628014842,validation,,,
Vessel,0.55304918,validation,,,
Vessel,0.54493024,validation,,,
Vessel,0.464028288,validation,,,
Vessel,0.499553771,validation,,,
Tumor,0.783102919,validation,,,
Tumor,0.459427208,validation,,,
Tumor,0.363547758,validation,,,
Tumor,0,validation,,,
Tumor,0.768916607,validation,,,
Tumor,0.424232528,validation,,,
Tumor,0.210175146,validation,,,
Tumor,0.694854615,validation,,,
Tumor,0,validation,,,
Tumor,0.044635193,validation,,,
Tumor,0.453131233,validation,,,
Tumor,0.046124279,validation,,,
Tumor,0,validation,,,
Tumor,0.005185163,validation,,,
Tumor,0.633450953,validation,,,
Tumor,0.323298429,validation,,,
Tumor,0.718964995,validation,,,
Tumor,0.792810784,validation,,,
Tumor,0,validation,,,
Tumor,0.561540336,validation,,,
Tumor,0.73944687,validation,,,
Tumor,0.393066816,validation,,,
Tumor,0,validation,,,
Tumor,0.59509721,validation,,,
Tumor,0,validation,,,
Tumor,0,validation,,,
Tumor,0.480433263,validation,,,
Tumor,0.639845372,validation,,,
Tumor,0.786065273,validation,,,
Tumor,0.819368714,validation,,,
Tumor,0.783104126,validation,,,
Tumor,0.789506635,validation,,,
Tumor,0.344452578,validation,,,
Tumor,0,validation,,,
Tumor,0.043858085,validation,,,
Tumor,0.429698376,validation,,,
Tumor,0.309031556,validation,,,
Tumor,0.58375,validation,,,
Tumor,0.506827508,validation,,,
Tumor,0.492702344,validation,,,
Vessel+Tumor,0.69312233,validation,,,
Vessel+Tumor,0.436697592,validation,,,
Vessel+Tumor,0.466438913,validation,,,
Vessel+Tumor,0.610620207,validation,,,
Vessel+Tumor,0.661787662,validation,,,
Vessel+Tumor,0.62860005,validation,,,
Vessel+Tumor,0.075574177,validation,,,
Vessel+Tumor,0.552837241,validation,,,
Vessel+Tumor,0.324985515,validation,,,
Vessel+Tumor,0.331568281,validation,,,
Vessel+Tumor,0.459309293,validation,,,
Vessel+Tumor,0.50774695,validation,,,
Vessel+Tumor,0.53229772,validation,,,
Vessel+Tumor,0.056526955,validation,,,
Vessel+Tumor,0.65737506,validation,,,
Vessel+Tumor,0.354278963,validation,,,
Vessel+Tumor,0.640735729,validation,,,
Vessel+Tumor,0.635842731,validation,,,
Vessel+Tumor,0.289388791,validation,,,
Vessel+Tumor,0.654063751,validation,,,
Vessel+Tumor,0.663702183,validation,,,
Vessel+Tumor,0.604840329,validation,,,
Vessel+Tumor,0.327661531,validation,,,
Vessel+Tumor,0.577580396,validation,,,
Vessel+Tumor,0.566314336,validation,,,
Vessel+Tumor,0.287779623,validation,,,
Vessel+Tumor,0.555581372,validation,,,
Vessel+Tumor,0.554811421,validation,,,
Vessel+Tumor,0.721956656,validation,,,
Vessel+Tumor,0.779587948,validation,,,
Vessel+Tumor,0.598148622,validation,,,
Vessel+Tumor,0.777671639,validation,,,
Vessel+Tumor,0.546662412,validation,,,
Vessel+Tumor,0.537876755,validation,,,
Vessel+Tumor,0.214414908,validation,,,
Vessel+Tumor,0.567013988,validation,,,
Vessel+Tumor,0.482590048,validation,,,
Vessel+Tumor,0.554721631,validation,,,
Vessel+Tumor,0.50193304,validation,,,
Vessel+Tumor,0.498885532,validation,,,
mean,0.673065903,validation,,,
mean,0.444559748,validation,,,
mean,0.449374161,validation,,,
mean,0.311317144,validation,,,
mean,0.567054376,validation,,,
mean,0.568232151,validation,,,
mean,0.142059296,validation,,,
mean,0.54618949,validation,,,
mean,0.189860985,validation,,,
mean,0.199928692,validation,,,
mean,0.456645737,validation,,,
mean,0.295590965,validation,,,
mean,0.288308671,validation,,,
mean,0.039751982,validation,,,
mean,0.649627804,validation,,,
mean,0.344928599,validation,,,
mean,0.633247869,validation,,,
mean,0.655759269,validation,,,
mean,0.207911001,validation,,,
mean,0.615349232,validation,,,
mean,0.698355835,validation,,,
mean,0.52213473,validation,,,
mean,0.169410926,validation,,,
mean,0.572572407,validation,,,
mean,0.286890539,validation,,,
mean,0.166403073,validation,,,
mean,0.526580998,validation,,,
mean,0.529272978,validation,,,
mean,0.732653434,validation,,,
mean,0.71805391,validation,,,
mean,0.57329487,validation,,,
mean,0.758811468,validation,,,
mean,0.482327461,validation,,,
mean,0.27247191,validation,,,
mean,0.166990771,validation,,,
mean,0.528856609,validation,,,
mean,0.431040368,validation,,,
mean,0.56434012,validation,,,
mean,0.485427898,validation,,,
mean,0.496128057,validation,,Vessel avarage,Tumor Average
Vessel,0.493132068,test,,0.493720155,0.528593618
Vessel,0.493132068,test,,,
Vessel,0.493132068,test,,,
Vessel,0.493132068,test,,,
Vessel,0.493132068,test,,,
Vessel,0.493132068,test,,,
Vessel,0.493132068,test,,,
Vessel,0.493132068,test,,,
Vessel,0.493132068,test,,,
Vessel,0.493132068,test,,,
Vessel,0.493132068,test,,,
Vessel,0.493132068,test,,,
Vessel,0.493132068,test,,,
Vessel,0.493132068,test,,,
Vessel,0.493132068,test,,,
Vessel,0.493132068,test,,,
Vessel,0.493132068,test,,,
Vessel,0.493132068,test,,,
Vessel,0.493132068,test,,,
Vessel,0.493132068,test,,,
Vessel,0.493132068,test,,,
Vessel,0.493132068,test,,,
Vessel,0.493132068,test,,,
Vessel,0.493132068,test,,,
Vessel,0.493132068,test,,,
Vessel,0.493132068,test,,,
Vessel,0.493132068,test,,,
Vessel,0.493132068,test,,,
Vessel,0.493132068,test,,,
Vessel,0.493132068,test,,,
Vessel,0.493132068,test,,,
Vessel,0.493132068,test,,,
Vessel,0.493132068,test,,,
Vessel,0.493132068,test,,,
Vessel,0.493132068,test,,,
Vessel,0.493132068,test,,,
Vessel,0.493132068,test,,,
Vessel,0.493132068,test,,,
Vessel,0.493132068,test,,,
Vessel,0.516655538,test,,,
Tumor,0.232790989,test,,,
Tumor,0.505463183,test,,,
Tumor,0.574699485,test,,,
Tumor,0.507279568,test,,,
Tumor,0.566808616,test,,,
Tumor,0.898189513,test,,,
Tumor,0.586953363,test,,,
Tumor,0.64013507,test,,,
Tumor,0.690563844,test,,,
Tumor,0.511225972,test,,,
Tumor,0.732286755,test,,,
Tumor,0.397451456,test,,,
Tumor,0.535764608,test,,,
Tumor,0.384272608,test,,,
Tumor,0.834590906,test,,,
Tumor,0.696606786,test,,,
Tumor,0.16827853,test,,,
Tumor,0.859405941,test,,,
Tumor,0.706105717,test,,,
Tumor,0.861140016,test,,,
Tumor,0,test,,,
Tumor,0.634763778,test,,,
Tumor,0.553321146,test,,,
Tumor,0.587724492,test,,,
Tumor,0.383126935,test,,,
Tumor,0.781823699,test,,,
Tumor,0.695571033,test,,,
Tumor,0.907829414,test,,,
Tumor,0.357677524,test,,,
Tumor,0.008484848,test,,,
Tumor,0.442802724,test,,,
Tumor,0.751012911,test,,,
Tumor,0,test,,,
Tumor,0.564642009,test,,,
Tumor,0.012995347,test,,,
Tumor,0.737309517,test,,,
Tumor,0.655515385,test,,,
Tumor,0.704966128,test,,,
Tumor,0,test,,,
Tumor,0.474164899,test,,,
Vessel+Tumor,0.437547717,test,,,
Vessel+Tumor,0.473394495,test,,,
Vessel+Tumor,0.485888945,test,,,
Vessel+Tumor,0.605689755,test,,,
Vessel+Tumor,0.538615493,test,,,
Vessel+Tumor,0.63638532,test,,,
Vessel+Tumor,0.536647602,test,,,
Vessel+Tumor,0.553741303,test,,,
Vessel+Tumor,0.605439055,test,,,
Vessel+Tumor,0.503870045,test,,,
Vessel+Tumor,0.59883364,test,,,
Vessel+Tumor,0.436632065,test,,,
Vessel+Tumor,0.521953826,test,,,
Vessel+Tumor,0.413289631,test,,,
Vessel+Tumor,0.641351082,test,,,
Vessel+Tumor,0.680855408,test,,,
Vessel+Tumor,0.540526654,test,,,
Vessel+Tumor,0.725470647,test,,,
Vessel+Tumor,0.638236591,test,,,
Vessel+Tumor,0.620179104,test,,,
Vessel+Tumor,0.38247049,test,,,
Vessel+Tumor,0.653802811,test,,,
Vessel+Tumor,0.594570173,test,,,
Vessel+Tumor,0.619242847,test,,,
Vessel+Tumor,0.589142717,test,,,
Vessel+Tumor,0.678601083,test,,,
Vessel+Tumor,0.673152429,test,,,
Vessel+Tumor,0.869176882,test,,,
Vessel+Tumor,0.487306417,test,,,
Vessel+Tumor,0.33343314,test,,,
Vessel+Tumor,0.425095945,test,,,
Vessel+Tumor,0.517727538,test,,,
Vessel+Tumor,0.498008639,test,,,
Vessel+Tumor,0.655126498,test,,,
Vessel+Tumor,0.43155096,test,,,
Vessel+Tumor,0.68092018,test,,,
Vessel+Tumor,0.631408119,test,,,
Vessel+Tumor,0.676022176,test,,,
Vessel+Tumor,0.544881367,test,,,
Vessel+Tumor,0.483610946,test,,,
mean,0.362961528,test,,,
mean,0.486074884,test,,,
mean,0.52595624,test,,,
mean,0.5877982,test,,,
mean,0.539860731,test,,,
mean,0.713861323,test,,,
mean,0.549487283,test,,,
mean,0.586392684,test,,,
mean,0.628917446,test,,,
mean,0.473706419,test,,,
mean,0.536586939,test,,,
mean,0.42055499,test,,,
mean,0.51326343,test,,,
mean,0.397717625,test,,,
mean,0.630135245,test,,,
mean,0.687492659,test,,,
mean,0.372484264,test,,,
mean,0.732121876,test,,,
mean,0.595817836,test,,,
mean,0.610239185,test,,,
mean,0.210485934,test,,,
mean,0.661823836,test,,,
mean,0.575734867,test,,,
mean,0.607954402,test,,,
mean,0.501112733,test,,,
mean,0.690019784,test,,,
mean,0.631681212,test,,,
mean,0.662472503,test,,,
mean,0.441136724,test,,,
mean,0.21097427,test,,,
mean,0.421812787,test,,,
mean,0.510635395,test,,,
mean,0.258186471,test,,,
mean,0.615597206,test,,,
mean,0.343618886,test,,,
mean,0.694830779,test,,,
mean,0.599984423,test,,,
mean,0.673414761,test,,,
mean,0.291980321,test,,,
mean,0.495410219,test,,,